{
    "EbNos": [
        0,
        1,
        2,
        3,
        4,
        5,
        6,
        7,
        8,
        9,
        10,
        11,
        12,
        13,
        14,
        15,
        16,
        17,
        18,
        19,
        20,
        21,
        22,
        23,
        24,
        25,
        26,
        27,
        28,
        29
    ],
    "BPSK/QPSK": [
        0.07864960352514258,
        0.05628195197654147,
        0.037506128358925986,
        0.022878407561085327,
        0.012500818040737553,
        0.005953867147778662,
        0.002388290780932807,
        0.0007726748153784446,
        0.00019090777407599314,
        3.3627228419617505e-05,
        3.872108215522035e-06,
        2.613067953575199e-07,
        9.006010350628754e-09,
        1.3329310175300506e-10,
        6.810189128780772e-13,
        9.123957362628105e-16,
        2.267395844454418e-19,
        6.758969770654687e-24,
        1.3960143109067526e-29,
        1.0010739735708612e-36,
        1.0442437918812723e-45,
        5.299697228870346e-57,
        3.2960881192844742e-71,
        4.4276384984347765e-89,
        1.4444190657726129e-111,
        7.3069691846479e-140,
        1.7951632271200896e-175,
        2.7359799656688465e-220,
        1.0684607375563557e-276,
        0.0
    ],
    "8-PSK": [
        0.1161878553326204,
        0.09763706378539523,
        0.07932141777736901,
        0.06182513458966773,
        0.04579094273467243,
        0.031843303364070756,
        0.020479923891202897,
        0.011952769488034578,
        0.006181051750685378,
        0.0027481335296526675,
        0.0010113953207128911,
        0.0002937292522288448,
        6.337878823300311e-05,
        9.417264530264064e-06,
        8.756326958310426e-07,
        4.5160925353872805e-08,
        1.1098699782315103e-09,
        1.0733749689055406e-11,
        3.2103218341059763e-14,
        2.1921970698706538e-17,
        2.332426385139384e-21,
        2.3900401728293892e-26,
        1.287132275897356e-32,
        1.6993565210833608e-40,
        2.1059369458572129e-50,
        7.314610728873669e-63,
        1.554829594326039e-78,
        2.978267962882869e-98,
        4.609521768076877e-123,
        2.7681020208073045e-154
    ],
    "16-PSK": [
        0.1452715594824753,
        0.13395794547379553,
        0.12181498797037182,
        0.10893066282228761,
        0.0954557764318765,
        0.08161707600107043,
        0.06772598480871872,
        0.05417752858915556,
        0.04143246526197408,
        0.02997578947663146,
        0.020248789802578354,
        0.012561731644049246,
        0.007009568855175274,
        0.0034272961509818315,
        0.0014206943860267539,
        0.00047893631697691196,
        0.00012460002527155548,
        2.341685453328895e-05,
        2.9251488106118864e-06,
        2.186809742819595e-07,
        8.572591229031332e-09,
        1.4919027937426564e-10,
        9.34593793958788e-13,
        1.6183341532777798e-15,
        5.55464289613934e-19,
        2.4862416113869655e-23,
        8.565986086536114e-29,
        1.1697763155945393e-35,
        2.7454250403588135e-44,
        3.867282224851335e-55
    ]
}